Fecha,Precipitacion,Temperatura,Caudal_Real,Inercia_3meses,Mes,Caudal_IA
1950-03-01,18.016666666666666,22.689999999999998,,26.58666666666667,3,28.034999999999982
1950-04-01,45.449999999999996,22.763333333333335,,32.90555555555556,4,36.17666666666668
1950-05-01,74.03,23.64333333333333,,45.83222222222222,5,40.848333333333336
1950-06-01,60.71666666666667,24.573333333333334,,60.065555555555555,6,57.17999999999999
1950-07-01,37.08,24.833333333333332,,57.27555555555556,7,35.83750000000002
1950-08-01,83.69333333333334,25.38333333333333,,60.49666666666667,8,45.88916666666668
1950-09-01,57.21666666666666,25.233333333333334,,59.330000000000005,9,52.71750000000001
1950-10-01,53.723333333333336,24.46666666666667,,64.8777777777778,10,38.742500000000014
1950-11-01,52.32333333333333,23.060000000000002,,54.42111111111112,11,62.98416666666663
1950-12-01,45.339999999999996,22.313333333333333,,50.462222222222216,12,55.3608333333333
1951-01-01,22.66333333333333,21.176666666666666,,40.10888888888889,1,47.63000000000002
1951-02-01,19.41,20.886666666666667,,29.137777777777774,2,41.959999999999994
1951-03-01,18.209999999999997,21.80666666666667,,20.09444444444445,3,35.205
1951-04-01,79.89,24.01,,39.17000000000001,4,28.125000000000004
1951-05-01,118.78666666666668,24.313333333333333,,72.29555555555557,5,130.19166666666663
1951-06-01,49.79333333333333,24.97,,82.82333333333334,6,84.04666666666671
1951-07-01,52.68,25.206666666666663,,73.75333333333334,7,37.13750000000001
1951-08-01,46.10333333333333,25.763333333333332,,49.52555555555556,8,37.085000000000015
1951-09-01,59.26666666666667,25.539999999999996,,52.68333333333334,9,28.845000000000006
1951-10-01,46.56,25.126666666666665,,50.64333333333334,10,31.545833333333345
1951-11-01,46.916666666666664,24.203333333333333,,50.914444444444456,11,49.74833333333333
1951-12-01,32.5,22.74666666666667,,41.99222222222223,12,29.495000000000008
1952-01-01,19.733333333333334,21.439999999999998,,33.050000000000004,1,42.57749999999999
1952-02-01,16.903333333333332,22.546666666666667,,23.045555555555563,2,20.7475
1952-03-01,20.110000000000003,23.42,,18.91555555555556,3,7.889166666666667
1952-04-01,88.32000000000001,23.643333333333334,,41.777777777777786,4,39.16333333333334
1952-05-01,83.55333333333334,24.823333333333334,,63.99444444444445,5,51.65333333333333
1952-06-01,42.63666666666667,25.346666666666664,,71.50333333333334,6,39.4075
1952-07-01,46.883333333333326,25.086666666666662,,57.69111111111112,7,45.76583333333334
1952-08-01,43.546666666666674,25.48333333333333,,44.35555555555556,8,27.954166666666673
1952-09-01,63.42666666666667,24.99,,51.28555555555556,9,38.1925
1952-10-01,33.10666666666667,24.936666666666667,,46.69333333333335,10,25.327500000000004
1952-11-01,22.24,23.27,,39.59111111111111,11,29.459166666666665
1952-12-01,18.006666666666668,21.78333333333333,,24.451111111111118,12,35.404999999999994
1953-01-01,31.2,21.71666666666667,,23.815555555555562,1,40.75999999999999
1953-02-01,14.253333333333332,22.216666666666665,,21.15333333333334,2,20.461666666666666
1953-03-01,28.786666666666665,22.80666666666666,,24.74666666666667,3,25.949166666666656
1953-04-01,20.91,24.12,,21.316666666666674,4,7.543333333333334
1953-05-01,108.62333333333333,23.613333333333333,,52.77333333333334,5,78.64083333333332
1953-06-01,56.97333333333333,24.41,,62.168888888888894,6,54.99333333333332
1953-07-01,48.21,24.820000000000004,,71.2688888888889,7,36.21666666666668
1953-08-01,33.333333333333336,25.26,,46.172222222222224,8,23.591666666666665
1953-09-01,45.56666666666667,25.243333333333336,,42.370000000000005,9,30.62333333333334
1953-10-01,47.05666666666667,24.44333333333333,,41.98555555555556,10,32.80999999999999
1953-11-01,34.18333333333333,23.849999999999998,,42.268888888888895,11,27.015833333333333
1953-12-01,43.43666666666667,22.773333333333337,,41.558888888888895,12,31.339999999999996
1954-01-01,18.37,21.973333333333333,,31.99666666666667,1,46.13500000000001
1954-02-01,84.5,21.343333333333334,,48.76888888888889,2,61.83249999999999
1954-03-01,17.256666666666664,22.766666666666666,,40.04222222222223,3,28.467499999999987
1954-04-01,36.15,23.143333333333334,,45.9688888888889,4,28.429166666666664
1954-05-01,55.68,24.23333333333333,,36.36222222222222,5,26.89166666666667
1954-06-01,58.31,24.623333333333335,,50.046666666666674,6,46.65083333333333
1954-07-01,46.38666666666666,24.929999999999996,,53.458888888888886,7,36.35
1954-08-01,43.583333333333336,25.2,,49.42666666666667,8,35.24416666666667
1954-09-01,66.66666666666666,24.723333333333333,,52.212222222222216,9,38.76083333333334
1954-10-01,143.16333333333333,23.313333333333333,,84.47111111111111,10,151.21833333333328
1954-11-01,27.71666666666667,23.026666666666667,,79.18222222222222,11,72.13583333333334
1954-12-01,24.626666666666665,21.603333333333335,,65.16888888888889,12,44.66000000000002
1955-01-01,35.47,21.323333333333334,,29.27111111111111,1,49.39916666666668
1955-02-01,34.02333333333333,21.41333333333333,,31.373333333333335,2,51.94750000000002
1955-03-01,17.30333333333333,22.11666666666667,,28.932222222222222,3,38.18166666666668
1955-04-01,58.49666666666667,22.8,,36.60777777777778,4,33.724999999999994
1955-05-01,102.07,23.356666666666666,,59.29,5,74.91833333333331
1955-06-01,73.79,24.350000000000005,,78.11888888888889,6,75.52666666666666
1955-07-01,50.693333333333335,24.7,,75.51777777777778,7,40.30250000000002
1955-08-01,59.913333333333334,25.340000000000003,,61.46555555555556,8,39.24583333333334
1955-09-01,60.086666666666666,25.049999999999997,,56.897777777777776,9,34.36750000000001
1955-10-01,68.26333333333334,24.44666666666667,,62.75444444444445,10,52.41749999999998
1955-11-01,43.43,23.586666666666662,,57.26000000000001,11,46.37083333333335
1955-12-01,28.97,22.366666666666664,,46.887777777777785,12,45.68
1956-01-01,26.209999999999997,20.706666666666667,,32.87,1,48.89416666666668
1956-02-01,49.416666666666664,21.473333333333333,,34.86555555555555,2,58.477499999999985
1956-03-01,84.56666666666668,22.620000000000005,,53.397777777777776,3,62.39083333333332
1956-04-01,30.733333333333334,23.560000000000002,,54.905555555555544,4,37.88500000000001
1956-05-01,55.23333333333333,24.103333333333335,,56.84444444444444,5,58.2575
1956-06-01,64.27,24.406666666666666,,50.078888888888876,6,47.00666666666666
1956-07-01,36.36,25.080000000000002,,51.95444444444443,7,30.615833333333345
1956-08-01,33.07,25.433333333333334,,44.56666666666666,8,25.674166666666668
1956-09-01,31.790000000000003,25.323333333333334,,33.73999999999999,9,20.02916666666666
1956-10-01,95.16000000000001,24.44,,53.339999999999996,10,55.46666666666664
1956-11-01,42.59666666666667,23.153333333333336,,56.51555555555555,11,41.5666666666667
1956-12-01,22.576666666666668,22.33666666666667,,53.444444444444436,12,46.4125
1957-01-01,17.276666666666667,22.036666666666665,,27.483333333333324,1,34.60916666666667
1957-02-01,21.586666666666662,22.023333333333337,,20.47999999999999,2,33.10333333333333
1957-03-01,40.03,22.666666666666668,,26.297777777777767,3,31.037499999999994
1957-04-01,24.96666666666667,23.650000000000002,,28.8611111111111,4,20.75833333333334
1957-05-01,40.53666666666667,24.689999999999998,,35.17777777777777,5,18.909166666666657
1957-06-01,57.53333333333333,24.986666666666665,,41.01222222222221,6,28.03
1957-07-01,30.52666666666667,25.986666666666665,,42.865555555555545,7,27.091666666666665
1957-08-01,44.47333333333333,26.11,,44.17777777777777,8,29.58666666666668
1957-09-01,58.326666666666675,25.599999999999998,,44.44222222222222,9,28.912500000000005
1957-10-01,44.19,24.723333333333333,,48.99666666666666,10,31.2425
1957-11-01,24.52,24.26,,42.34555555555555,11,26.4
1957-12-01,40.09,23.113333333333333,,36.26666666666666,12,22.31416666666667
1958-01-01,41.99666666666666,22.436666666666667,,35.53555555555554,1,49.52333333333332
1958-02-01,36.86333333333333,21.853333333333335,,39.649999999999984,2,54.028333333333336
1958-03-01,25.373333333333335,24.189999999999998,,34.74444444444443,3,19.685833333333324
1958-04-01,32.946666666666665,25.26,,31.72777777777777,4,16.945833333333326
1958-05-01,109.11666666666667,24.913333333333338,,55.812222222222225,5,96.60833333333333
1958-06-01,92.51666666666667,25.25,,78.19333333333333,6,62.147499999999994
1958-07-01,41.03,25.673333333333336,,80.88777777777777,7,41.432499999999976
1958-08-01,39.99666666666666,26.19333333333333,,57.84777777777777,8,41.74583333333334
1958-09-01,41.69,26.01,,40.905555555555544,9,26.288333333333334
1958-10-01,43.696666666666665,25.133333333333336,,41.79444444444444,10,23.019166666666663
1958-11-01,35.18333333333334,24.330000000000002,,40.19,11,25.016666666666666
1958-12-01,13.453333333333333,23.72666666666667,,30.777777777777775,12,21.415833333333318
1959-01-01,20.516666666666666,22.776666666666667,,23.05111111111111,1,14.761666666666665
1959-02-01,12.733333333333334,23.096666666666664,,15.567777777777772,2,9.053333333333335
1959-03-01,15.21,23.939999999999998,,16.15333333333333,3,7.8725
1959-04-01,66.36,24.026666666666667,,31.434444444444438,4,25.618333333333336
1959-05-01,47.63666666666666,24.013333333333332,,43.068888888888885,5,32.044166666666655
1959-06-01,35.54,25.27,,49.84555555555554,6,33.99916666666667
1959-07-01,45.46,25.393333333333334,,42.87888888888889,7,30.03666666666668
1959-08-01,40.24,25.423333333333332,,40.413333333333334,8,24.539166666666667
1959-09-01,45.300000000000004,25.473333333333333,,43.666666666666664,9,27.637500000000003
1959-10-01,53.06666666666666,24.603333333333335,,46.20222222222222,10,34.79750000000001
1959-11-01,46.026666666666664,23.349999999999998,,48.1311111111111,11,50.34500000000002
1959-12-01,27.560000000000002,22.983333333333334,,42.217777777777776,12,26.46916666666667
1960-01-01,34.29666666666667,22.506666666666664,,35.961111111111116,1,46.31333333333334
1960-02-01,30.383333333333336,23.0,,30.74666666666667,2,22.690000000000005
1960-03-01,78.43666666666667,22.71666666666667,,47.705555555555556,3,52.54249999999998
1960-04-01,81.01333333333334,23.463333333333335,,63.27777777777778,4,59.15249999999999
1960-05-01,55.07,24.53,,71.50666666666667,5,68.095
1960-06-01,49.79,25.043333333333333,,61.95777777777778,6,39.460000000000015
1960-07-01,40.86666666666667,25.51666666666667,,48.57555555555555,7,30.637500000000003
1960-08-01,59.68333333333334,25.189999999999998,,50.11333333333334,8,38.355
1960-09-01,57.64333333333334,25.10666666666667,,52.73111111111111,9,32.370000000000005
1960-10-01,54.21,24.486666666666668,,57.178888888888885,10,49.61083333333333
1960-11-01,47.913333333333334,23.863333333333333,,53.25555555555555,11,69.40583333333328
1960-12-01,54.95666666666667,21.790000000000003,,52.36000000000001,12,68.45666666666664
1961-01-01,17.546666666666667,22.590000000000003,,40.138888888888886,1,39.46666666666669
1961-02-01,27.526666666666667,22.596666666666664,,33.343333333333334,2,40.57833333333335
1961-03-01,43.333333333333336,22.863333333333333,,29.468888888888888,3,29.695833333333322
1961-04-01,69.02,23.703333333333333,,46.626666666666665,4,49.57416666666666
1961-05-01,61.72,24.27,,58.02444444444444,5,58.70083333333332
1961-06-01,48.580000000000005,24.77333333333333,,59.77333333333334,6,36.593333333333355
1961-07-01,43.32333333333333,25.086666666666662,,51.20777777777778,7,32.37083333333334
1961-08-01,64.48,25.299999999999997,,52.12777777777779,8,40.985
1961-09-01,43.02333333333333,24.850000000000005,,50.27555555555556,9,29.748333333333335
1961-10-01,72.14666666666666,23.959999999999997,,59.88333333333333,10,58.15416666666666
1961-11-01,57.580000000000005,22.439999999999998,,57.583333333333336,11,66.2408333333333
1961-12-01,63.79333333333333,22.083333333333332,,64.50666666666666,12,59.018333333333324
1962-01-01,18.333333333333332,22.373333333333335,,46.56888888888889,1,46.285
1962-02-01,15.126666666666667,21.996666666666666,,32.41777777777778,2,42.3975
1962-03-01,37.98,22.883333333333336,,23.813333333333336,3,23.12333333333332
1962-04-01,48.583333333333336,23.46666666666667,,33.896666666666675,4,34.041666666666664
1962-05-01,67.42666666666666,23.396666666666665,,51.330000000000005,5,58.15416666666666
1962-06-01,55.410000000000004,24.73,,57.14000000000001,6,49.48
1962-07-01,30.179999999999996,25.64,,51.00555555555555,7,30.202500000000004
1962-08-01,55.46,25.55333333333333,,47.01666666666667,8,36.48583333333334
1962-09-01,40.43333333333333,25.266666666666666,,42.02444444444445,9,22.86166666666666
1962-10-01,40.76333333333333,24.843333333333334,,45.55222222222222,10,24.734166666666667
1962-11-01,33.39333333333333,23.403333333333332,,38.196666666666665,11,23.808333333333334
1962-12-01,35.24333333333333,22.790000000000003,,36.46666666666667,12,22.121666666666666
1963-01-01,20.453333333333333,22.096666666666668,,29.69666666666667,1,44.36750000000002
1963-02-01,25.266666666666666,22.7,,26.98777777777778,2,25.118333333333325
1963-03-01,62.24333333333334,23.19666666666667,,35.98777777777779,3,31.25333333333333
1963-04-01,65.49,23.183333333333334,,51.0,4,59.74499999999999
1963-05-01,71.21333333333332,23.633333333333336,,66.31555555555555,5,65.97749999999999
1963-06-01,47.32333333333333,24.966666666666665,,61.342222222222226,6,36.66000000000002
1963-07-01,45.16,25.353333333333335,,54.565555555555555,7,35.19166666666668
1963-08-01,50.97,25.593333333333334,,47.817777777777785,8,38.42666666666666
1963-09-01,78.32333333333334,25.26,,58.15111111111111,9,51.60833333333334
1963-10-01,133.1,24.05,,87.46444444444444,10,158.74833333333328
1963-11-01,62.653333333333336,23.02666666666667,,91.3588888888889,11,124.76333333333328
1963-12-01,24.97,22.983333333333334,,73.57444444444444,12,43.99666666666667
1964-01-01,17.066666666666666,22.22,,34.89666666666667,1,40.645000000000024
1964-02-01,20.95,23.146666666666665,,20.995555555555555,2,9.16916666666667
1964-03-01,26.156666666666666,23.743333333333336,,21.391111111111112,3,9.346666666666668
1964-04-01,58.52,23.429999999999996,,35.208888888888886,4,30.929166666666656
1964-05-01,49.303333333333335,24.52333333333333,,44.660000000000004,5,36.89833333333332
1964-06-01,49.586666666666666,24.99,,52.47,6,42.33333333333333
1964-07-01,49.26666666666667,25.256666666666664,,49.385555555555555,7,49.19583333333332
1964-08-01,66.54666666666667,25.583333333333332,,55.13333333333333,8,34.31666666666666
1964-09-01,55.89333333333334,25.169999999999998,,57.23555555555556,9,39.96833333333334
1964-10-01,43.083333333333336,24.653333333333332,,55.17444444444445,10,30.69416666666667
1964-11-01,31.75666666666667,23.463333333333335,,43.57777777777778,11,28.0175
1964-12-01,19.643333333333334,21.7,,31.494444444444444,12,44.82166666666667
1965-01-01,15.820000000000002,21.21666666666667,,22.40666666666667,1,29.473333333333336
1965-02-01,19.816666666666666,22.106666666666666,,18.426666666666666,2,28.03
1965-03-01,23.673333333333336,23.41333333333333,,19.77,3,9.045833333333333
1965-04-01,22.14,23.71666666666667,,21.87666666666667,4,9.134166666666667
1965-05-01,139.62666666666667,23.276666666666667,,61.81333333333333,5,101.64166666666668
1965-06-01,40.37,24.21666666666667,,67.37888888888888,6,39.38416666666669
1965-07-01,30.98,25.253333333333334,,70.32555555555555,7,30.051666666666666
1965-08-01,39.27333333333333,25.346666666666664,,36.87444444444444,8,19.90833333333333
1965-09-01,39.626666666666665,25.266666666666666,,36.626666666666665,9,16.194999999999997
1965-10-01,28.676666666666666,25.22666666666667,,35.85888888888889,10,19.911666666666665
1965-11-01,46.63666666666666,23.663333333333338,,38.31333333333333,11,43.23416666666667
1965-12-01,29.333333333333332,22.60666666666667,,34.88222222222222,12,35.26666666666669
1966-01-01,25.61,22.73,,33.86,1,32.960000000000015
1966-02-01,15.943333333333333,22.47666666666667,,23.62888888888889,2,24.44583333333333
1966-03-01,45.85,23.25,,29.134444444444444,3,33.47250000000001
1966-04-01,51.01,23.7,,37.601111111111116,4,34.39083333333332
1966-05-01,89.29666666666667,24.103333333333335,,62.05222222222221,5,68.4983333333333
1966-06-01,26.353333333333335,25.026666666666667,,55.553333333333335,6,30.964166666666674
1966-07-01,47.083333333333336,25.606666666666666,,54.24444444444445,7,34.35083333333334
1966-08-01,38.67000000000001,25.87,,37.36888888888888,8,21.784166666666664
1966-09-01,43.28333333333333,25.459999999999997,,43.01222222222222,9,26.124166666666675
1966-10-01,67.23666666666668,24.333333333333332,,49.73,10,51.06999999999999
1966-11-01,45.653333333333336,22.51,,52.05777777777778,11,59.834166666666626
1966-12-01,35.160000000000004,21.853333333333335,,49.35,12,51.61250000000002
1967-01-01,18.526666666666667,22.22666666666667,,33.11333333333333,1,41.81333333333337
1967-02-01,22.153333333333336,22.299999999999997,,25.279999999999998,2,28.848333333333326
1967-03-01,26.416666666666668,22.23333333333333,,22.365555555555556,3,34.26166666666665
1967-04-01,32.14,22.933333333333334,,26.903333333333325,4,22.21583333333333
1967-05-01,22.376666666666665,24.55666666666667,,26.97777777777777,5,20.14666666666666
1967-06-01,44.98666666666666,25.133333333333336,,33.167777777777765,6,25.64416666666667
1967-07-01,26.736666666666668,25.39,,31.36666666666666,7,21.894999999999996
1967-08-01,25.286666666666665,25.50333333333333,,32.33666666666666,8,21.421666666666667
1967-09-01,60.373333333333335,25.21666666666667,,37.46555555555555,9,26.008333333333336
1967-10-01,33.11,24.80333333333333,,39.589999999999996,10,26.844166666666666
1967-11-01,29.423333333333336,23.896666666666665,,40.96888888888889,11,27.81083333333333
1967-12-01,13.666666666666666,22.59,,25.399999999999995,12,24.590833333333325
1968-01-01,21.41333333333333,21.7,,21.501111111111104,1,34.10583333333332
1968-02-01,34.49333333333334,21.66333333333333,,23.19111111111111,2,40.93416666666666
1968-03-01,19.753333333333334,21.97666666666667,,25.219999999999995,3,32.82083333333334
1968-04-01,25.76,22.36,,26.668888888888887,4,32.61749999999999
1968-05-01,45.56666666666666,24.310000000000002,,30.359999999999996,5,28.745000000000008
1968-06-01,44.67666666666667,24.706666666666667,,38.66777777777778,6,27.890833333333333
1968-07-01,39.62333333333333,24.996666666666666,,43.288888888888884,7,22.749166666666664
1968-08-01,44.48333333333333,25.34,,42.92777777777777,8,29.007500000000004
1968-09-01,39.18333333333333,25.210000000000004,,41.09666666666666,9,23.10583333333333
1968-10-01,32.343333333333334,25.12666666666667,,38.669999999999995,10,21.47583333333333
1968-11-01,37.92666666666667,24.25333333333333,,36.48444444444444,11,19.514999999999997
1968-12-01,63.550000000000004,22.74666666666667,,44.60666666666666,12,47.11833333333334
1969-01-01,31.263333333333332,21.87,,44.24666666666666,1,56.74666666666665
1969-02-01,24.17,22.066666666666666,,39.661111111111104,2,44.69000000000002
1969-03-01,23.436666666666667,23.80333333333333,,26.289999999999996,3,20.784166666666664
1969-04-01,51.47,24.540000000000003,,33.02555555555555,4,31.12666666666667
1969-05-01,88.26,24.99,,54.388888888888886,5,49.598333333333336
1969-06-01,52.28,25.793333333333333,,64.00333333333333,6,33.106666666666655
1969-07-01,40.223333333333336,25.77333333333333,,60.25444444444444,7,36.93416666666666
1969-08-01,37.56,25.793333333333333,,43.35444444444445,8,27.52166666666667
1969-09-01,46.156666666666666,25.496666666666666,,41.31333333333333,9,26.892500000000005
1969-10-01,74.96333333333332,25.143333333333334,,52.893333333333324,10,41.58916666666668
1969-11-01,60.416666666666664,23.873333333333335,,60.51222222222221,11,71.46999999999997
1969-12-01,32.556666666666665,22.87333333333333,,55.97888888888888,12,37.695000000000014
1970-01-01,32.87,22.653333333333336,,41.947777777777766,1,38.15083333333335
1970-02-01,36.88666666666666,22.45,,34.10444444444443,2,43.044166666666676
1970-03-01,23.513333333333332,23.209999999999997,,31.08999999999999,3,20.765000000000008
1970-04-01,30.21666666666667,24.42,,30.205555555555545,4,20.08083333333332
1970-05-01,72.09666666666668,24.16,,41.94222222222222,5,27.61416666666668
1970-06-01,69.63000000000001,25.223333333333333,,57.31444444444444,6,56.715833333333336
1970-07-01,38.550000000000004,25.51,,60.09222222222221,7,36.95666666666666
1970-08-01,45.576666666666675,25.583333333333332,,51.25222222222222,8,35.72333333333335
1970-09-01,53.56333333333333,25.02,,45.896666666666654,9,28.81416666666667
1970-10-01,74.28000000000002,24.52,,57.80666666666665,10,55.78083333333332
1970-11-01,49.663333333333334,23.353333333333335,,59.16888888888888,11,72.41749999999998
1970-12-01,33.88333333333333,22.573333333333334,,52.608888888888885,12,44.19166666666668
1971-01-01,23.016666666666666,22.153333333333336,,35.5211111111111,1,48.33333333333334
1971-02-01,29.48333333333333,22.176666666666666,,28.794444444444427,2,42.56083333333333
1971-03-01,31.369999999999994,23.060000000000002,,27.95666666666665,3,23.23416666666667
1971-04-01,82.14,22.863333333333333,,47.66444444444443,4,53.89499999999998
1971-05-01,70.23666666666666,24.28,,61.24888888888887,5,63.164999999999985
1971-06-01,28.223333333333333,25.036666666666665,,60.19999999999998,6,28.13916666666668
1971-07-01,31.05666666666667,24.96666666666667,,43.17222222222221,7,23.645833333333336
1971-08-01,43.306666666666665,25.08666666666667,,34.195555555555536,8,21.619166666666665
1971-09-01,39.839999999999996,25.206666666666667,,38.06777777777776,9,19.854166666666664
1971-10-01,66.68333333333334,24.296666666666667,,49.94333333333332,10,52.26833333333331
1971-11-01,56.01333333333334,23.386666666666667,,54.17888888888888,11,64.48916666666663
1971-12-01,19.46666666666667,22.429999999999996,,47.387777777777764,12,44.36583333333333
1972-01-01,24.460000000000004,22.183333333333334,,33.313333333333325,1,44.95083333333335
1972-02-01,29.569999999999997,22.460000000000004,,24.498888888888875,2,31.205833333333313
1972-03-01,56.626666666666665,22.393333333333334,,36.88555555555554,3,42.7125
1972-04-01,41.59,23.703333333333333,,42.59555555555554,4,24.6825
1972-05-01,60.51000000000001,24.25333333333333,,52.908888888888875,5,49.74999999999999
1972-06-01,63.78666666666667,25.173333333333332,,55.29555555555555,6,41.73750000000001
1972-07-01,46.916666666666664,25.453333333333337,,57.0711111111111,7,41.94833333333333
1972-08-01,44.56,25.33666666666667,,51.75444444444443,8,36.11333333333335
1972-09-01,63.77666666666667,25.173333333333336,,51.7511111111111,9,36.55833333333334
1972-10-01,64.59666666666668,24.74,,57.64444444444444,10,47.47916666666668
1972-11-01,24.526666666666667,24.340000000000003,,50.96666666666666,11,30.39166666666667
1972-12-01,33.086666666666666,23.11,,40.73666666666666,12,25.510833333333345
1973-01-01,22.753333333333334,23.03333333333333,,26.788888888888867,1,19.725833333333323
1973-02-01,29.450000000000003,22.596666666666668,,28.42999999999998,2,39.75916666666668
1973-03-01,28.723333333333333,23.709999999999997,,26.97555555555554,3,21.969999999999995
1973-04-01,41.076666666666675,24.22666666666667,,33.08333333333332,4,18.89999999999998
1973-05-01,43.95333333333334,24.94333333333333,,37.917777777777765,5,24.78666666666666
1973-06-01,65.98,25.123333333333335,,50.33666666666665,6,41.68666666666667
1973-07-01,46.28333333333333,25.733333333333334,,52.0722222222222,7,35.91333333333334
1973-08-01,71.65666666666667,25.526666666666667,,61.30666666666664,8,42.93833333333333
1973-09-01,59.669999999999995,25.436666666666667,,59.20333333333331,9,54.348333333333336
1973-10-01,85.16666666666667,24.849999999999998,,72.16444444444443,10,48.23833333333334
1973-11-01,30.816666666666663,23.459999999999997,,58.55111111111109,11,47.88916666666668
1973-12-01,26.10666666666667,21.766666666666666,,47.36333333333332,12,49.555000000000035
1974-01-01,22.953333333333333,22.013333333333332,,26.625555555555536,1,40.531666666666666
1974-02-01,53.94,22.21666666666667,,34.333333333333314,2,43.66416666666667
1974-03-01,59.29,22.536666666666665,,45.394444444444424,3,51.34083333333332
1974-04-01,50.29,23.173333333333332,,54.50666666666664,4,59.16499999999999
1974-05-01,69.87,23.893333333333334,,59.81666666666664,5,67.44916666666666
1974-06-01,44.163333333333334,24.736666666666668,,54.774444444444434,6,32.96583333333334
1974-07-01,34.98666666666667,25.376666666666665,,49.67333333333332,7,33.325
1974-08-01,51.82666666666666,25.52,,43.65888888888887,8,33.376666666666665
1974-09-01,95.23,24.76,,60.6811111111111,9,49.653333333333336
1974-10-01,72.20666666666666,24.340000000000003,,73.08777777777776,10,55.46166666666666
1974-11-01,66.59,23.5,,78.00888888888888,11,87.9516666666667
1974-12-01,43.78,22.47,,60.85888888888886,12,45.81500000000002
1975-01-01,16.963333333333335,21.823333333333334,,42.44444444444443,1,39.46333333333334
1975-02-01,14.38,22.16,,25.041111111111093,2,26.61833333333333
1975-03-01,33.07666666666667,22.843333333333334,,21.473333333333315,3,18.01916666666667
1975-04-01,25.53,23.889999999999997,,24.32888888888887,4,15.564166666666667
1975-05-01,47.01333333333333,24.223333333333333,,35.20666666666665,5,30.904166666666665
1975-06-01,33.156666666666666,25.296666666666667,,35.23333333333331,6,17.11833333333333
1975-07-01,39.61333333333334,25.246666666666666,,39.927777777777756,7,21.439166666666665
1975-08-01,42.17666666666667,25.546666666666667,,38.31555555555554,8,24.393333333333338
1975-09-01,89.85333333333334,24.923333333333336,,57.21444444444443,9,48.985
1975-10-01,50.46,24.49333333333333,,60.829999999999984,10,45.528333333333336
1975-11-01,59.97,23.570000000000004,,66.76111111111109,11,66.64333333333332
1975-12-01,43.97333333333333,21.266666666666666,,51.46777777777776,12,50.18916666666668
1976-01-01,15.566666666666665,21.179999999999996,29.5,39.836666666666645,1,35.245
1976-02-01,19.236666666666668,21.48,25.5,26.258888888888873,2,31.255833333333335
1976-03-01,22.406666666666666,21.879999999999995,44.5,19.069999999999983,3,39.971666666666664
1976-04-01,74.19333333333333,22.74,29.0,38.61222222222221,4,33.17083333333334
1976-05-01,26.926666666666666,24.116666666666664,26.25,41.17555555555553,5,25.47833333333333
1976-06-01,42.673333333333325,24.400000000000002,19.75,47.9311111111111,6,25.025
1976-07-01,25.653333333333336,25.09,16.75,31.751111111111097,7,17.045
1976-08-01,41.156666666666666,25.189999999999998,13.5,36.49444444444443,8,16.68083333333333
1976-09-01,44.93000000000001,25.213333333333335,23.0,37.246666666666655,9,23.830833333333334
1976-10-01,63.370000000000005,24.84,57.5,49.818888888888885,10,47.084999999999994
1976-11-01,21.709999999999997,24.599999999999998,28.5,43.33666666666665,11,26.954166666666662
1976-12-01,22.846666666666668,23.37,21.5,35.97555555555554,12,20.964999999999996
1977-01-01,24.61,22.659999999999997,10.75,23.055555555555543,1,16.49
1977-02-01,18.406666666666666,23.153333333333336,8.75,21.95444444444443,2,10.152500000000002
1977-03-01,19.786666666666665,23.44333333333333,3.0,20.934444444444427,3,7.716666666666668
1977-04-01,64.75333333333334,23.45,25.5,34.31555555555554,4,26.580000000000005
1977-05-01,106.49666666666667,24.083333333333332,47.75,63.67888888888888,5,68.86166666666666
1977-06-01,23.103333333333335,25.163333333333338,15.75,64.78444444444443,6,26.221666666666664
1977-07-01,32.45333333333333,25.293333333333337,8.5,54.01777777777777,7,23.71666666666666
1977-08-01,60.13333333333333,25.349999999999998,20.25,38.563333333333325,8,23.33916666666667
1977-09-01,58.593333333333334,25.21666666666667,31.25,50.39333333333332,9,37.02166666666667
1977-10-01,71.60000000000001,24.820000000000004,29.75,63.44222222222222,10,35.225833333333334
1977-11-01,45.339999999999996,23.903333333333336,79.5,58.5111111111111,11,66.46333333333334
1977-12-01,38.20333333333333,23.146666666666665,39.25,51.71444444444444,12,39.49250000000001
1978-01-01,27.066666666666666,22.55,54.5,36.86999999999998,1,47.56416666666667
1978-02-01,32.803333333333335,22.343333333333334,19.75,32.69111111111109,2,32.44333333333334
1978-03-01,61.44,23.233333333333334,20.75,40.436666666666646,3,25.71666666666667
1978-04-01,83.99333333333334,23.203333333333333,72.5,59.412222222222205,4,69.49416666666666
1978-05-01,68.18666666666667,24.513333333333335,68.75,71.20666666666665,5,66.7575
1978-06-01,44.46666666666667,25.086666666666662,49.75,65.54888888888887,6,41.23916666666668
1978-07-01,36.50666666666667,25.346666666666664,43.5,49.71999999999998,7,33.72833333333334
1978-08-01,57.129999999999995,25.34,36.5,46.034444444444425,8,35.05666666666667
1978-09-01,68.2,25.143333333333334,32.5,53.945555555555536,9,35.1225
1978-10-01,76.23333333333333,24.650000000000002,47.5,67.18777777777775,10,49.17916666666668
1978-11-01,43.25666666666667,23.923333333333332,30.75,62.563333333333325,11,35.49416666666667
1978-12-01,16.95,23.046666666666667,18.75,45.47999999999998,12,24.97
1979-01-01,15.21,22.223333333333333,14.5,25.13888888888887,1,21.717499999999994
1979-02-01,20.933333333333334,22.430000000000003,11.0,17.69777777777776,2,18.451666666666668
1979-03-01,50.74666666666667,22.166666666666668,32.75,28.963333333333313,3,37.2475
1979-04-01,69.14999999999999,23.163333333333338,67.25,46.94333333333331,4,57.03916666666665
1979-05-01,112.94999999999999,23.836666666666662,155.0,77.61555555555553,5,144.16166666666666
1979-06-01,110.63333333333333,24.790000000000003,148.5,97.57777777777774,6,138.64166666666668
1979-07-01,63.53000000000001,25.183333333333334,86.5,95.70444444444443,7,90.73083333333334
1979-08-01,102.89999999999999,25.266666666666666,65.0,92.35444444444443,8,79.2825
1979-09-01,124.96666666666665,24.58,192.5,97.1322222222222,9,169.23833333333332
1979-10-01,74.86,24.72,99.66666666666667,100.90888888888885,10,103.38916666666664
1979-11-01,46.98,23.459999999999997,160.66666666666666,82.26888888888887,11,126.94916666666664
1979-12-01,20.403333333333332,22.353333333333335,52.0,47.41444444444443,12,45.34833333333332
1980-01-01,19.05666666666667,22.2,55.333333333333336,28.813333333333315,1,46.57083333333335
1980-02-01,28.036666666666665,22.516666666666666,37.666666666666664,22.49888888888887,2,33.2283333333333
1980-03-01,22.540000000000003,23.006666666666664,18.333333333333332,23.21111111111109,3,16.63333333333333
1980-04-01,69.47666666666667,23.903333333333336,23.333333333333332,40.01777777777776,4,25.845000000000013
1980-05-01,107.58333333333333,24.666666666666668,78.5,66.53333333333332,5,80.47083333333333
1980-06-01,41.65333333333333,25.58,45.0,72.90444444444442,6,41.97583333333333
1980-07-01,42.419999999999995,25.74333333333333,36.666666666666664,63.88555555555553,7,35.66083333333332
1980-08-01,82.63666666666667,25.419999999999998,4.0,55.56999999999997,8,25.790833333333335
1980-09-01,54.27,25.34,5.0,59.775555555555535,9,27.22
1980-10-01,53.166666666666664,25.05666666666667,3.0,63.357777777777756,10,18.323333333333334
1980-11-01,21.516666666666666,24.330000000000002,,42.98444444444442,11,26.95583333333333
1980-12-01,35.96666666666667,22.903333333333336,13.5,36.88333333333331,12,18.268333333333334
1981-01-01,33.03333333333333,22.176666666666666,40.0,30.172222222222203,1,42.00083333333334
1981-02-01,21.546666666666667,22.459999999999997,50.333333333333336,30.182222222222205,2,43.14333333333336
1981-03-01,47.74333333333334,23.22,35.333333333333336,34.10777777777776,3,35.38916666666668
1981-04-01,48.74666666666667,23.44666666666667,57.666666666666664,39.34555555555554,4,48.08749999999999
1981-05-01,110.06666666666668,24.26,135.66666666666666,68.85222222222221,5,121.47666666666663
1981-06-01,66.21,24.7,37.5,75.00777777777776,6,45.35833333333335
1981-07-01,56.080000000000005,25.073333333333334,60.333333333333336,77.4522222222222,7,53.641666666666644
1981-08-01,54.75,25.25666666666667,125.0,59.013333333333314,8,95.67916666666666
1981-09-01,42.13666666666666,25.403333333333336,39.333333333333336,50.98888888888887,9,33.32000000000003
1981-10-01,69.81,24.48,54.333333333333336,55.565555555555534,10,51.0425
1981-11-01,49.52333333333333,23.869999999999994,92.33333333333333,53.823333333333316,11,73.52749999999993
1981-12-01,43.42666666666667,22.73,37.333333333333336,54.25333333333331,12,38.305833333333375
1982-01-01,27.386666666666667,22.276666666666667,48.333333333333336,40.11222222222221,1,45.4075
1982-02-01,32.20333333333333,21.95,80.33333333333333,34.33888888888887,2,61.949166666666635
1982-03-01,19.216666666666665,22.820000000000004,32.666666666666664,26.26888888888887,3,26.55666666666665
1982-04-01,43.51333333333333,23.55666666666667,22.0,31.64444444444442,4,24.270000000000003
1982-05-01,140.62333333333336,23.516666666666666,76.0,67.78444444444443,5,101.97000000000001
1982-06-01,55.85999999999999,24.836666666666662,43.333333333333336,79.99888888888887,6,52.32666666666666
1982-07-01,45.63333333333333,24.85666666666667,27.666666666666668,80.70555555555553,7,40.68083333333332
1982-08-01,31.643333333333334,25.256666666666664,26.0,44.378888888888866,8,24.424999999999997
1982-09-01,48.49,25.19333333333333,28.333333333333332,41.92222222222221,9,28.723333333333336
1982-10-01,43.64666666666667,24.636666666666667,20.666666666666668,41.259999999999984,10,24.07916666666667
1982-11-01,30.816666666666663,23.27666666666667,31.0,40.98444444444443,11,29.135833333333334
1982-12-01,22.86,21.843333333333334,58.666666666666664,32.44111111111109,12,51.8641666666667
1983-01-01,31.936666666666667,22.683333333333334,44.333333333333336,28.53777777777776,1,37.89833333333337
1983-02-01,28.993333333333336,22.793333333333333,22.333333333333332,27.929999999999982,2,26.578333333333333
1983-03-01,39.673333333333325,23.766666666666666,18.333333333333332,33.534444444444425,3,20.47833333333331
1983-04-01,55.24333333333333,23.673333333333332,24.666666666666668,41.30333333333331,4,30.090833333333325
1983-05-01,87.06,24.516666666666666,82.33333333333333,60.65888888888887,5,73.65333333333326
1983-06-01,73.30666666666667,25.47333333333333,49.0,71.86999999999999,6,47.57916666666666
1983-07-01,56.71333333333333,25.679999999999996,37.5,72.35999999999999,7,41.54416666666666
1983-08-01,50.75,25.59,42.0,60.25666666666665,8,41.11583333333333
1983-09-01,55.95666666666667,25.41333333333333,29.0,54.47333333333332,9,28.140000000000004
1983-10-01,48.38666666666666,24.74,25.0,51.69777777777776,10,30.86916666666666
1983-11-01,38.61000000000001,23.89,28.0,47.651111111111085,11,29.890833333333333
1983-12-01,17.186666666666667,23.24333333333333,20.333333333333332,34.72777777777776,12,21.50666666666665
1984-01-01,24.91333333333333,22.540000000000003,19.0,26.903333333333318,1,24.9725
1984-02-01,44.26333333333333,22.536666666666665,67.0,28.78777777777775,2,53.72166666666667
1984-03-01,24.583333333333332,23.073333333333334,18.666666666666668,31.253333333333313,3,20.07250000000002
1984-04-01,31.67,24.036666666666665,16.333333333333332,33.50555555555554,4,18.700833333333314
1984-05-01,59.14333333333334,24.33666666666667,26.0,38.46555555555553,5,26.655
1984-06-01,92.83666666666666,24.646666666666665,56.333333333333336,61.21666666666664,6,57.628333333333295
1984-07-01,46.28,24.810000000000002,31.333333333333332,66.08666666666664,7,34.31250000000002
1984-08-01,42.13333333333333,25.05333333333333,30.333333333333332,60.41666666666665,8,32.42000000000004
1984-09-01,86.31,24.493333333333336,39.0,58.24111111111109,9,53.23666666666665
1984-10-01,54.86333333333334,23.86,81.0,61.1022222222222,10,73.32666666666665
1984-11-01,41.64333333333333,23.176666666666666,51.333333333333336,60.93888888888887,11,47.212500000000006
1984-12-01,21.873333333333335,21.95,30.0,39.45999999999998,12,41.07500000000001
1985-01-01,18.046666666666667,21.95,,27.187777777777757,1,35.52250000000001
1985-02-01,22.099999999999998,22.0,,20.673333333333314,2,35.51166666666667
1985-03-01,43.79,22.429999999999996,,27.97888888888887,3,43.23750000000001
1985-04-01,49.633333333333326,22.936666666666667,,38.507777777777754,4,40.19666666666666
1985-05-01,56.79666666666666,24.083333333333332,,50.073333333333316,5,51.75666666666665
1985-06-01,40.419999999999995,24.95,,48.94999999999997,6,32.395
1985-07-01,44.27,25.316666666666666,,47.1622222222222,7,31.60416666666668
1985-08-01,42.24666666666666,25.406666666666666,,42.3122222222222,8,28.12166666666667
1985-09-01,68.62333333333333,24.883333333333336,,51.71333333333331,9,39.69583333333334
1985-10-01,117.39333333333333,23.900000000000002,,76.08777777777776,10,136.91416666666663
1985-11-01,53.383333333333326,23.53,,79.79999999999997,11,83.2141666666667
1985-12-01,14.733333333333334,22.383333333333336,,61.836666666666645,12,42.31333333333335
1986-01-01,31.773333333333337,21.76,,33.296666666666646,1,55.67416666666666
1986-02-01,20.74,21.743333333333336,,22.41555555555554,2,34.339166666666664
1986-03-01,44.87,22.606666666666666,,32.46111111111109,3,42.89166666666668
1986-04-01,93.69666666666667,23.01,,53.1022222222222,4,65.04999999999998
1986-05-01,147.16333333333333,23.583333333333332,,95.2433333333333,5,151.99499999999998
1986-06-01,102.13333333333333,24.316666666666666,,114.3311111111111,6,115.85083333333333
1986-07-01,29.41,25.11666666666667,,92.90222222222219,7,73.99916666666667
1986-08-01,50.199999999999996,25.27,,60.58111111111109,8,45.05583333333333
1986-09-01,49.64666666666667,25.006666666666664,,43.08555555555554,9,31.806666666666676
1986-10-01,69.88333333333334,24.626666666666665,,56.576666666666654,10,50.12583333333334
1986-11-01,35.303333333333335,23.776666666666667,,51.61111111111109,11,36.56750000000002
1986-12-01,15.969999999999999,23.00333333333333,,40.385555555555534,12,24.25166666666667
1987-01-01,19.566666666666666,22.323333333333334,,23.61333333333332,1,23.729999999999997
1987-02-01,25.650000000000002,22.596666666666664,,20.395555555555543,2,20.510833333333338
1987-03-01,53.01666666666667,23.023333333333337,,32.74444444444443,3,32.685
1987-04-01,87.71333333333332,24.11,,55.45999999999999,4,60.0183333333333
1987-05-01,95.96,24.316666666666666,,78.89666666666665,5,88.83166666666666
1987-06-01,95.91000000000001,24.72,,93.19444444444441,6,95.28999999999998
1987-07-01,37.61666666666667,25.63,,76.49555555555555,7,41.90333333333333
1987-08-01,31.843333333333334,26.043333333333333,,55.12333333333333,8,29.515833333333333
1987-09-01,66.55,25.506666666666664,,45.33666666666665,9,32.44583333333335
1987-10-01,71.58333333333333,24.816666666666666,,56.658888888888875,10,41.00916666666669
1987-11-01,59.56666666666666,24.30666666666667,,65.89999999999998,11,57.28833333333331
1987-12-01,72.27666666666666,23.406666666666666,,67.80888888888887,12,60.12833333333333
1988-01-01,35.88333333333333,22.51,,55.908888888888875,1,48.99833333333332
1988-02-01,26.429999999999996,22.486666666666668,,44.863333333333316,2,45.92666666666666
1988-03-01,34.71,23.0,,32.3411111111111,3,20.50249999999999
1988-04-01,66.83,23.676666666666666,,42.65666666666666,4,27.11333333333334
1988-05-01,57.723333333333336,24.63,,53.08777777777777,5,48.45166666666666
1988-06-01,64.41333333333334,25.58,,62.98888888888888,6,39.93333333333333
1988-07-01,56.56999999999999,25.433333333333334,,59.568888888888885,7,48.20833333333335
1988-08-01,82.75666666666666,25.243333333333336,,67.91333333333331,8,48.04916666666667
1988-09-01,113.27333333333333,24.956666666666667,,84.19999999999997,9,129.57333333333335
1988-10-01,47.60999999999999,24.48,,81.21333333333331,10,75.08333333333336
1988-11-01,33.74,23.656666666666666,,64.87444444444442,11,39.27333333333334
1988-12-01,21.62,22.403333333333336,,34.323333333333316,12,42.56750000000002
1989-01-01,22.263333333333332,22.036666666666665,,25.874444444444432,1,37.300000000000004
1989-02-01,42.45333333333333,21.836666666666662,,28.778888888888872,2,54.68250000000001
1989-03-01,45.076666666666675,21.986666666666668,,36.597777777777765,3,57.00166666666665
1989-04-01,28.86333333333333,23.27333333333333,,38.79777777777777,4,25.76583333333333
1989-05-01,62.91333333333333,23.896666666666665,,45.61777777777777,5,37.30833333333333
1989-06-01,38.406666666666666,24.789999999999996,,43.394444444444424,6,24.49416666666667
1989-07-01,42.23666666666667,25.403333333333336,,47.8522222222222,7,32.87250000000002
1989-08-01,56.21333333333333,25.709999999999997,,45.618888888888875,8,32.21083333333333
1989-09-01,60.82333333333333,25.36,,53.0911111111111,9,32.040000000000006
1989-10-01,44.446666666666665,24.80666666666666,,53.82777777777776,10,34.4975
1989-11-01,21.676666666666666,24.23,,42.31555555555554,11,26.931666666666665
1989-12-01,25.30666666666667,23.293333333333333,,30.47666666666665,12,20.917500000000004
1990-01-01,23.323333333333334,22.59,,23.435555555555542,1,21.87249999999999
1990-02-01,21.110000000000003,22.496666666666666,,23.246666666666655,2,25.3225
1990-03-01,28.906666666666666,22.790000000000003,,24.446666666666655,3,23.65666666666666
1990-04-01,39.46666666666667,23.73333333333333,,29.827777777777765,4,21.484166666666656
1990-05-01,33.39333333333334,25.093333333333334,,33.92222222222221,5,17.431666666666658
1990-06-01,69.71666666666665,25.23,,47.52555555555554,6,45.11333333333333
1990-07-01,46.52666666666667,25.563333333333333,,49.87888888888887,7,37.59750000000001
1990-08-01,42.94333333333333,26.013333333333335,,53.0622222222222,8,34.216666666666676
1990-09-01,42.800000000000004,25.823333333333334,,44.089999999999996,9,27.16583333333334
1990-10-01,145.55666666666664,24.66,,77.09999999999998,10,132.46666666666667
1990-11-01,68.45666666666666,23.679999999999996,,85.60444444444443,11,126.6258333333333
1990-12-01,26.48333333333333,22.366666666666664,,80.16555555555554,12,75.78416666666668
1991-01-01,15.926666666666668,22.393333333333334,,36.95555555555554,1,39.38750000000002
1991-02-01,29.850000000000005,22.83666666666667,,24.08666666666666,2,22.65166666666666
1991-03-01,20.533333333333335,23.25333333333333,,22.103333333333325,3,10.415
1991-04-01,42.49,23.516666666666666,,30.957777777777775,4,22.43583333333334
1991-05-01,58.24999999999999,24.273333333333337,,40.42444444444444,5,26.38833333333334
1991-06-01,38.68,25.48,,46.47333333333332,6,31.981666666666673
1991-07-01,31.203333333333333,25.87,,42.7111111111111,7,27.104166666666664
1991-08-01,44.82333333333333,25.860000000000003,,38.23555555555554,8,26.48916666666667
1991-09-01,62.666666666666664,25.53,,46.2311111111111,9,32.79750000000001
1991-10-01,46.45666666666667,24.653333333333336,,51.31555555555554,10,36.94500000000001
1991-11-01,34.38,23.74666666666667,,47.83444444444444,11,30.917500000000004
1991-12-01,18.69,22.27,,33.17555555555555,12,38.66083333333335
1992-01-01,29.05333333333333,22.51666666666667,,27.374444444444435,1,35.0925
1992-02-01,23.45,22.933333333333334,,23.7311111111111,2,16.095833333333328
1992-03-01,31.583333333333332,23.669999999999998,,28.028888888888883,3,21.45333333333333
1992-04-01,93.69,23.776666666666667,,49.57444444444443,4,59.10333333333331
1992-05-01,151.48999999999998,23.613333333333333,,92.25444444444442,5,149.14583333333331
1992-06-01,51.23,25.113333333333333,,98.80333333333333,6,87.11500000000002
1992-07-01,32.23,25.429999999999996,,78.31666666666666,7,37.254999999999995
1992-08-01,39.31666666666666,25.44,,40.92555555555554,8,25.950833333333332
1992-09-01,65.87666666666668,24.799999999999997,,45.807777777777765,9,34.81416666666668
1992-10-01,36.406666666666666,24.833333333333332,,47.19999999999999,10,27.3075
1992-11-01,41.27,23.863333333333333,,47.8511111111111,11,32.821666666666665
1992-12-01,33.29,22.656666666666666,,36.98888888888888,12,30.136666666666677
1993-01-01,42.96,22.203333333333333,,39.173333333333325,1,47.085
1993-02-01,29.413333333333338,22.076666666666668,,35.2211111111111,2,46.43500000000002
1993-03-01,52.53666666666667,22.939999999999998,,41.63666666666666,3,32.25583333333333
1993-04-01,81.83666666666666,23.36,,54.59555555555554,4,52.92333333333333
1993-05-01,116.66000000000001,24.040000000000003,,83.67777777777776,5,150.47499999999997
1993-06-01,57.416666666666664,25.176666666666666,,85.30444444444443,6,80.34083333333334
1993-07-01,44.333333333333336,25.373333333333335,,72.80333333333333,7,38.78916666666667
1993-08-01,45.403333333333336,25.633333333333336,,49.051111111111105,8,36.06416666666668
1993-09-01,47.166666666666664,25.246666666666666,,45.63444444444443,9,33.49333333333335
1993-10-01,32.556666666666665,25.060000000000002,,41.70888888888888,10,23.86666666666667
1993-11-01,54.32,24.176666666666666,,44.6811111111111,11,41.345833333333346
1993-12-01,20.933333333333334,23.23,,35.93666666666666,12,21.095833333333324
1994-01-01,22.976666666666663,22.459999999999997,,32.74333333333332,1,43.030000000000015
1994-02-01,24.623333333333335,22.746666666666666,,22.844444444444434,2,17.389166666666664
1994-03-01,38.76666666666667,22.86,,28.78888888888888,3,28.611666666666665
1994-04-01,57.89000000000001,23.653333333333332,,40.42666666666666,4,27.684166666666666
1994-05-01,61.06,24.55,,52.572222222222216,5,47.54083333333333
1994-06-01,23.689999999999998,25.310000000000002,,47.54666666666666,6,25.561666666666664
1994-07-01,21.296666666666667,25.546666666666667,,35.34888888888888,7,22.18
1994-08-01,32.53666666666667,25.84,,25.841111111111104,8,21.21416666666666
1994-09-01,40.669999999999995,25.463333333333335,,31.5011111111111,9,21.68249999999999
1994-10-01,68.36333333333333,24.656666666666666,,47.18999999999999,10,47.04333333333334
1994-11-01,35.72,24.066666666666666,,48.2511111111111,11,27.06916666666667
1994-12-01,24.91,23.183333333333337,,42.99777777777777,12,26.44000000000001
1995-01-01,14.450000000000001,22.52666666666667,,25.026666666666657,1,21.213333333333335
1995-02-01,40.54333333333333,22.71666666666667,,26.634444444444437,2,28.77416666666666
1995-03-01,30.19333333333334,22.423333333333336,,28.395555555555546,3,41.63916666666668
1995-04-01,27.993333333333336,24.076666666666668,,32.90999999999999,4,19.735833333333325
1995-05-01,54.69,24.99666666666667,,37.62555555555554,5,38.30416666666667
1995-06-01,36.34,25.76,,39.67444444444444,6,28.91333333333333
1995-07-01,48.24333333333334,26.00666666666667,,46.42444444444444,7,34.51083333333334
1995-08-01,76.92333333333333,25.713333333333335,,53.835555555555544,8,33.50833333333333
1995-09-01,75.64999999999999,25.50333333333333,,66.93888888888887,9,41.89166666666667
1995-10-01,47.66,24.669999999999998,,66.74444444444443,10,38.9375
1995-11-01,25.736666666666665,24.173333333333336,,49.68222222222221,11,31.312500000000004
1995-12-01,19.966666666666665,23.430000000000003,,31.1211111111111,12,21.09416666666666
1996-01-01,24.570000000000004,22.38,,23.424444444444436,1,26.717499999999994
1996-02-01,38.09,22.483333333333334,,27.54222222222221,2,34.89499999999999
1996-03-01,50.946666666666665,22.826666666666664,,37.86888888888888,3,38.36583333333333
1996-04-01,43.69333333333333,23.21666666666667,,44.24333333333332,4,30.353333333333325
1996-05-01,65.56333333333333,24.296666666666667,,53.4011111111111,5,51.98499999999999
1996-06-01,52.156666666666666,24.94333333333334,,53.804444444444435,6,40.28416666666667
1996-07-01,43.876666666666665,25.3,,53.865555555555545,7,33.782500000000006
1996-08-01,48.73666666666667,25.41333333333333,,48.25666666666666,8,39.000000000000014
1996-09-01,74.06666666666666,25.203333333333333,,55.559999999999995,9,39.05000000000001
1996-10-01,48.620000000000005,24.78333333333333,,57.14111111111111,10,36.67583333333334
1996-11-01,72.76,23.333333333333332,,65.14888888888889,11,58.11833333333332
1996-12-01,16.816666666666666,21.766666666666666,,46.065555555555555,12,38.43416666666666
1997-01-01,20.926666666666666,22.38,,36.834444444444436,1,44.45000000000001
1997-02-01,21.599999999999998,22.853333333333335,,19.7811111111111,2,11.953333333333337
1997-03-01,24.906666666666666,23.353333333333335,,22.47777777777777,3,12.738333333333337
1997-04-01,23.540000000000003,24.13666666666667,,23.34888888888888,4,15.145833333333332
1997-05-01,40.59333333333334,25.253333333333334,,29.679999999999996,5,18.53999999999999
1997-06-01,41.77,25.953333333333333,,35.301111111111105,6,24.47
1997-07-01,35.55666666666667,26.093333333333334,,39.306666666666665,7,27.7425
1997-08-01,42.266666666666666,26.189999999999998,,39.86444444444444,8,27.39083333333334
1997-09-01,37.61666666666667,26.400000000000002,,38.47999999999999,9,23.27583333333333
1997-10-01,64.54,25.22,,48.14111111111111,10,43.48
1997-11-01,38.18,24.936666666666667,,46.77888888888888,11,29.120833333333334
1997-12-01,17.959999999999997,24.383333333333336,,40.22666666666666,12,24.48333333333333
1998-01-01,31.290000000000003,23.58666666666667,,29.143333333333327,1,25.27666666666667
1998-02-01,26.976666666666663,23.349999999999998,,25.40888888888888,2,21.91416666666667
1998-03-01,46.51333333333333,23.87,,34.92666666666666,3,33.13583333333334
1998-04-01,31.706666666666667,24.430000000000003,,35.06555555555555,4,19.627499999999984
1998-05-01,62.53666666666667,25.290000000000003,,46.91888888888889,5,48.55833333333334
1998-06-01,50.919999999999995,26.206666666666667,,48.38777777777778,6,39.814166666666665
1998-07-01,36.266666666666666,26.173333333333332,,49.907777777777774,7,33.38666666666667
1998-08-01,62.30666666666667,26.366666666666664,,49.831111111111106,8,37.347500000000004
1998-09-01,130.32000000000002,25.350000000000005,,76.29777777777778,9,130.1716666666667
1998-10-01,67.13,24.743333333333336,,86.58555555555556,10,97.11083333333336
1998-11-01,43.74,23.69333333333333,,80.39666666666666,11,75.32500000000002
1998-12-01,46.32,23.076666666666668,,52.396666666666654,12,54.781666666666666
1999-01-01,23.03333333333333,22.516666666666666,,37.697777777777766,1,45.33916666666667
1999-02-01,26.21666666666667,21.583333333333332,,31.856666666666655,2,49.710000000000015
1999-03-01,44.36333333333334,22.623333333333335,,31.204444444444437,3,42.76916666666668
1999-04-01,21.723333333333333,23.99666666666667,,30.76777777777777,4,19.76333333333333
1999-05-01,64.37333333333333,24.616666666666664,,43.48666666666666,5,30.620833333333334
1999-06-01,88.46999999999998,24.926666666666666,,58.18888888888887,6,57.44999999999998
1999-07-01,39.526666666666664,25.33,,64.12333333333332,7,32.730000000000004
1999-08-01,50.74,25.896666666666665,,59.578888888888876,8,47.49083333333334
1999-09-01,49.703333333333326,25.566666666666666,,46.65666666666666,9,34.90250000000001
1999-10-01,64.89999999999999,24.856666666666666,,55.11444444444442,10,42.57833333333335
1999-11-01,68.68,23.423333333333332,,61.094444444444434,11,66.23999999999997
1999-12-01,24.203333333333333,21.709999999999997,,52.594444444444434,12,49.14250000000002
2000-01-01,23.30333333333333,21.38333333333333,,38.728888888888875,1,46.48166666666669
2000-02-01,16.64,21.963333333333335,,21.382222222222207,2,29.540000000000006
2000-03-01,17.26666666666667,22.183333333333334,,19.069999999999986,3,28.083333333333336
2000-04-01,35.803333333333335,23.656666666666666,,23.23666666666665,4,17.409999999999997
2000-05-01,56.78,24.320000000000004,,36.61666666666665,5,26.6375
2000-06-01,24.843333333333334,25.39,,39.14222222222221,6,29.294999999999995
2000-07-01,29.39,25.953333333333333,,37.00444444444443,7,21.91333333333333
2000-08-01,47.64666666666667,25.903333333333336,,33.95999999999999,8,28.170833333333338
2000-09-01,74.99666666666667,25.24,,50.67777777777777,9,43.67
2000-10-01,56.830000000000005,24.600000000000005,,59.82444444444443,10,55.60083333333332
2000-11-01,23.583333333333332,23.616666666666664,,51.80333333333332,11,36.546666666666674
2000-12-01,29.96666666666667,23.22,,36.79333333333332,12,20.55333333333332
2001-01-01,23.44,22.22666666666667,,25.663333333333316,1,27.97583333333333
2001-02-01,17.183333333333334,22.5,,23.529999999999987,2,24.548333333333336
2001-03-01,36.50333333333333,23.2,,25.708888888888875,3,23.78916666666667
2001-04-01,36.20333333333333,23.603333333333335,,29.96333333333332,4,20.311666666666653
2001-05-01,82.60333333333334,24.313333333333333,,51.76999999999998,5,46.19583333333333
2001-06-01,30.29666666666667,25.346666666666664,,49.701111111111096,6,32.37833333333334
2001-07-01,38.76,25.733333333333334,,50.55333333333332,7,33.774166666666666
2001-08-01,38.17,26.146666666666665,,35.7422222222222,8,21.459999999999994
2001-09-01,36.82,25.64333333333333,,37.91666666666665,9,22.90833333333333
2001-10-01,50.910000000000004,25.13,,41.96666666666665,10,31.809166666666673
2001-11-01,37.669999999999995,23.56,,41.79999999999998,11,28.704999999999995
2001-12-01,43.11666666666667,23.406666666666666,,43.89888888888887,12,29.317499999999995
2002-01-01,18.060000000000002,23.093333333333334,,32.94888888888887,1,22.958333333333325
2002-02-01,18.39666666666667,22.736666666666668,,26.524444444444427,2,26.985833333333325
2002-03-01,25.986666666666668,23.37,,20.81444444444443,3,9.710833333333335
2002-04-01,49.68000000000001,23.426666666666666,,31.35444444444443,4,40.40083333333331
2002-05-01,41.800000000000004,24.7,,39.155555555555544,5,27.497499999999995
2002-06-01,76.76666666666667,25.069999999999997,,56.08222222222221,6,37.17166666666667
2002-07-01,30.76666666666667,25.813333333333333,,49.777777777777764,7,31.146666666666665
2002-08-01,44.093333333333334,25.77333333333333,,50.5422222222222,8,34.467500000000015
2002-09-01,66.82666666666667,25.30333333333333,,47.22888888888887,9,37.45166666666667
2002-10-01,38.47666666666667,24.936666666666667,,49.798888888888875,10,30.99416666666667
2002-11-01,20.113333333333333,24.91333333333333,,41.805555555555536,11,26.27166666666666
2002-12-01,28.810000000000002,23.643333333333334,,29.133333333333315,12,22.23833333333333
2003-01-01,25.926666666666666,22.94333333333333,,24.949999999999978,1,19.032499999999995
2003-02-01,15.823333333333332,23.183333333333334,,23.519999999999982,2,16.49583333333333
2003-03-01,28.916666666666668,24.14,,23.55555555555554,3,18.06083333333333
2003-04-01,69.17999999999999,23.843333333333334,,37.97333333333331,4,28.062500000000014
2003-05-01,50.00333333333333,24.956666666666663,,49.366666666666646,5,43.29999999999999
2003-06-01,43.77,25.103333333333335,,54.31777777777776,6,33.70000000000001
2003-07-01,35.29,25.543333333333333,,43.02111111111109,7,25.585833333333333
2003-08-01,62.20666666666667,25.563333333333333,,47.088888888888874,8,35.535833333333336
2003-09-01,36.42333333333333,25.546666666666667,,44.63999999999998,9,27.37833333333334
2003-10-01,82.94,25.046666666666667,,60.52333333333331,10,38.78250000000001
2003-11-01,43.45333333333334,23.92,,54.272222222222204,11,36.981666666666676
2003-12-01,70.21666666666667,22.689999999999998,,65.53666666666665,12,59.415833333333325
2004-01-01,22.613333333333333,21.92,,45.42777777777777,1,49.26583333333334
2004-02-01,20.89,22.69666666666667,,37.906666666666645,2,34.555833333333354
2004-03-01,32.21333333333333,22.923333333333336,,25.23888888888887,3,22.168333333333337
2004-04-01,61.76666666666667,23.833333333333332,,38.289999999999985,4,27.21083333333333
2004-05-01,83.24333333333334,24.346666666666664,,59.07444444444443,5,68.34249999999999
2004-06-01,35.74,25.473333333333333,,60.24999999999998,6,36.647499999999994
2004-07-01,47.74333333333333,25.546666666666667,,55.57555555555553,7,35.87750000000001
2004-08-01,32.4,25.99,,38.62777777777776,8,23.469166666666666
2004-09-01,111.02333333333333,25.356666666666666,,63.72222222222219,9,100.72666666666667
2004-10-01,45.529999999999994,24.91333333333333,,62.984444444444414,10,25.722499999999997
2004-11-01,34.973333333333336,23.176666666666666,,63.8422222222222,11,40.800000000000026
2004-12-01,35.42000000000001,23.090000000000003,,38.64111111111109,12,22.164999999999996
2005-01-01,29.24333333333333,21.89,,33.212222222222195,1,54.065
2005-02-01,12.036666666666667,21.656666666666666,,25.566666666666638,2,29.369166666666665
2005-03-01,16.576666666666668,24.50333333333333,,19.285555555555526,3,7.8725
2005-04-01,57.23333333333334,24.75666666666667,,28.61555555555553,4,27.723333333333336
2005-05-01,114.42,25.21666666666667,,62.743333333333304,5,102.59500000000001
2005-06-01,84.91666666666667,25.636666666666667,,85.52333333333331,6,76.45166666666668
2005-07-01,71.17,25.87666666666667,,90.16888888888884,7,79.815
2005-08-01,69.02,25.97666666666667,,75.03555555555552,8,44.00333333333333
2005-09-01,60.79666666666666,26.093333333333334,,66.99555555555551,9,37.060833333333335
2005-10-01,125.54333333333334,25.05666666666667,,85.11999999999996,10,128.785
2005-11-01,31.916666666666668,24.439999999999998,,72.75222222222219,11,36.877500000000005
2005-12-01,18.163333333333334,23.083333333333332,,58.541111111111086,12,47.20666666666667
2006-01-01,22.526666666666667,22.400000000000002,,24.202222222222193,1,26.27583333333333
2006-02-01,27.166666666666668,22.72,,22.61888888888886,2,24.643333333333327
2006-03-01,33.03666666666666,23.319999999999997,,27.57666666666664,3,21.707500000000003
2006-04-01,62.44,23.669999999999998,,40.88111111111108,4,26.455000000000005
2006-05-01,47.453333333333326,24.993333333333336,,47.643333333333295,5,35.869166666666665
2006-06-01,61.470000000000006,25.66,,57.12111111111108,6,41.155
2006-07-01,57.300000000000004,25.613333333333333,,55.407777777777746,7,34.155
2006-08-01,69.56333333333333,25.873333333333335,,62.77777777777775,8,37.14916666666666
2006-09-01,42.50666666666667,26.083333333333332,,56.45666666666664,9,33.35333333333335
2006-10-01,46.82333333333333,25.763333333333332,,52.96444444444441,10,34.72083333333335
2006-11-01,30.523333333333337,24.563333333333333,,39.95111111111108,11,26.646666666666665
2006-12-01,21.13,23.74333333333333,,32.825555555555525,12,21.43583333333333
2007-01-01,19.663333333333334,22.743333333333336,,23.772222222222194,1,18.165
2007-02-01,20.76,23.593333333333334,,20.51777777777774,2,8.174166666666666
2007-03-01,70.44333333333333,23.52,,36.95555555555552,3,26.855
2007-04-01,39.983333333333334,24.299999999999997,,43.728888888888854,4,24.31666666666667
2007-05-01,85.30333333333333,25.076666666666668,,65.2433333333333,5,54.18083333333333
2007-06-01,48.82333333333333,25.896666666666665,,58.03666666666663,6,48.7825
2007-07-01,42.43666666666667,26.12,,58.854444444444404,7,54.33916666666665
2007-08-01,67.91000000000001,25.956666666666667,,53.056666666666636,8,35.73083333333333
2007-09-01,45.31666666666667,25.69333333333333,,51.88777777777775,9,32.20750000000001
2007-10-01,151.91,24.836666666666662,,88.37888888888885,10,136.88333333333333
2007-11-01,47.120000000000005,24.006666666666664,,81.44888888888885,11,90.91166666666673
2007-12-01,56.18666666666667,22.853333333333335,,85.07222222222218,12,127.67416666666662
2008-01-01,30.72666666666667,21.873333333333335,,44.67777777777774,1,56.74666666666665
2008-02-01,13.696666666666667,22.513333333333332,,33.536666666666626,2,38.79416666666668
2008-03-01,22.383333333333336,22.959999999999997,,22.268888888888853,3,14.147500000000003
2008-04-01,57.053333333333335,23.659999999999997,,31.044444444444405,4,27.930833333333325
2008-05-01,54.75666666666667,24.72,,44.73111111111107,5,41.56749999999999
2008-06-01,55.96666666666667,25.246666666666666,,55.92555555555552,6,49.3075
2008-07-01,27.900000000000002,26.12333333333333,,46.20777777777774,7,28.070833333333336
2008-08-01,99.33666666666666,26.243333333333336,,61.067777777777735,8,52.14333333333333
2008-09-01,118.66000000000001,25.543333333333333,,81.96555555555553,9,123.11666666666666
2008-10-01,39.08,25.143333333333334,,85.69222222222218,10,74.50916666666667
2008-11-01,45.61666666666667,23.710000000000004,,67.78555555555552,11,61.56333333333332
2008-12-01,20.65,22.439999999999998,,35.11555555555552,12,42.06000000000003
2009-01-01,25.83666666666667,22.623333333333335,,30.701111111111075,1,36.41750000000002
2009-02-01,45.4,21.939999999999998,,30.62888888888885,2,54.64000000000001
2009-03-01,36.296666666666674,21.836666666666662,,35.844444444444406,3,57.69499999999999
2009-04-01,37.970000000000006,23.76,,39.88888888888886,4,26.65916666666666
2009-05-01,99.94666666666667,24.146666666666665,,58.07111111111107,5,67.28499999999998
2009-06-01,58.35666666666666,25.23,,65.4244444444444,6,49.593333333333334
2009-07-01,38.54333333333333,26.166666666666668,,65.6155555555555,7,37.36166666666666
2009-08-01,35.50333333333333,26.05,,44.1344444444444,8,26.592500000000005
2009-09-01,49.596666666666664,26.176666666666666,,41.2144444444444,9,31.250833333333336
2009-10-01,29.703333333333333,25.830000000000002,,38.26777777777773,10,25.2325
2009-11-01,24.99666666666667,24.776666666666667,,34.765555555555515,11,21.24833333333333
2009-12-01,36.18,24.099999999999998,,30.293333333333294,12,19.154999999999987
2010-01-01,30.603333333333335,22.97666666666667,,30.59333333333329,1,26.510000000000005
2010-02-01,21.46666666666667,23.963333333333335,,29.416666666666625,2,21.36583333333333
2010-03-01,29.343333333333334,24.416666666666668,,27.13777777777774,3,20.774999999999988
2010-04-01,41.17333333333334,24.69333333333333,,30.66111111111107,4,19.61416666666665
2010-05-01,104.77666666666666,25.47666666666667,,58.43111111111106,5,75.08333333333331
2010-06-01,95.13333333333333,25.900000000000002,,80.36111111111107,6,56.05083333333334
2010-07-01,88.31,25.99666666666667,,96.07333333333328,7,85.54083333333334
2010-08-01,52.73333333333333,26.349999999999998,,78.72555555555552,8,40.80166666666668
2010-09-01,72.29,25.826666666666668,,71.11111111111107,9,39.76916666666667
2010-10-01,64.20666666666666,25.459999999999997,,63.07666666666662,10,33.465
2010-11-01,53.73,23.47,,63.408888888888846,11,54.35499999999999
2010-12-01,29.896666666666665,21.896666666666665,,49.27777777777772,12,52.87250000000001
2011-01-01,14.706666666666669,22.706666666666667,,32.77777777777773,1,32.78583333333336
2011-02-01,24.78,22.826666666666664,,23.127777777777727,2,15.806666666666663
2011-03-01,16.236666666666665,22.789999999999996,,18.5744444444444,3,12.450000000000003
2011-04-01,27.91333333333333,24.11,,22.976666666666617,4,16.909166666666668
2011-05-01,85.43333333333334,24.59,,43.1944444444444,5,35.56166666666668
2011-06-01,98.37666666666667,25.689999999999998,,70.5744444444444,6,56.62083333333332
2011-07-01,81.41666666666667,25.42,,88.40888888888884,7,78.34750000000001
2011-08-01,92.17,25.926666666666666,,90.6544444444444,8,76.72000000000001
2011-09-01,65.06666666666666,25.736666666666665,,79.55111111111107,9,47.9725
2011-10-01,51.67666666666667,25.189999999999998,,69.63777777777773,10,35.94166666666668
2011-11-01,36.843333333333334,24.11333333333333,,51.19555555555551,11,34.00583333333335
2011-12-01,19.86,22.823333333333334,,36.126666666666615,12,24.22583333333332
2012-01-01,22.866666666666664,22.326666666666664,,26.523333333333284,1,30.16166666666667
2012-02-01,24.78333333333333,22.810000000000002,,22.503333333333284,2,15.3375
2012-03-01,35.65,22.916666666666668,,27.76666666666662,3,22.84583333333333
2012-04-01,86.36666666666667,23.683333333333334,,48.93333333333329,4,56.138333333333314
2012-05-01,59.156666666666666,24.736666666666668,,60.391111111111066,5,49.19416666666667
2012-06-01,37.050000000000004,25.899999999999995,,60.857777777777734,6,37.4175
2012-07-01,40.300000000000004,26.083333333333332,,45.50222222222218,7,27.515
2012-08-01,117.44,25.62,,64.92999999999995,8,101.44833333333334
2012-09-01,36.06666666666666,25.909999999999997,,64.60222222222217,9,30.654166666666665
2012-10-01,113.72333333333334,25.286666666666665,,89.07666666666661,10,123.36333333333336
2012-11-01,48.67666666666667,24.363333333333333,,66.15555555555551,11,50.51416666666664
2012-12-01,27.833333333333332,22.923333333333336,,63.41111111111106,12,38.065833333333345
2013-01-01,17.00333333333333,22.76,,31.171111111111063,1,29.445
2013-02-01,12.676666666666668,22.933333333333334,,19.171111111111063,2,10.877500000000003
2013-03-01,36.39666666666667,23.346666666666664,,22.02555555555551,3,15.905
2013-04-01,25.27333333333333,24.493333333333336,,24.782222222222174,4,17.30333333333333
2013-05-01,81.2,24.826666666666668,,47.623333333333285,5,44.15666666666666
2013-06-01,45.203333333333326,25.366666666666664,,50.55888888888884,6,38.87666666666667
2013-07-01,54.173333333333325,25.596666666666668,,60.19222222222216,7,40.08416666666667
2013-08-01,40.660000000000004,26.17,,46.67888888888883,8,30.978333333333335
2013-09-01,56.696666666666665,25.916666666666668,,50.509999999999955,9,30.552500000000006
2013-10-01,56.98,25.23,,51.4455555555555,10,40.781666666666666
2013-11-01,37.846666666666664,24.323333333333334,,50.507777777777726,11,33.065000000000005
2013-12-01,22.560000000000002,23.286666666666665,,39.12888888888884,12,28.275000000000006
2014-01-01,15.066666666666668,23.046666666666667,,25.157777777777724,1,18.39666666666666
2014-02-01,17.53,23.25666666666667,,18.385555555555506,2,9.014166666666668
2014-03-01,18.636666666666667,23.72,,17.077777777777726,3,7.810833333333334
2014-04-01,29.22,24.716666666666665,,21.795555555555506,4,13.213333333333336
2014-05-01,56.57333333333333,24.513333333333335,,34.809999999999945,5,27.500833333333336
2014-06-01,22.11,26.02,,35.96777777777772,6,22.508333333333336
2014-07-01,30.206666666666667,26.343333333333334,,36.29666666666661,7,21.9475
2014-08-01,62.67666666666667,26.209999999999997,,38.33111111111106,8,23.91833333333333
2014-09-01,48.57666666666666,25.623333333333335,,47.15333333333328,9,31.249166666666678
2014-10-01,41.47,25.53333333333333,,50.90777777777773,10,33.00000000000002
2014-11-01,53.15666666666667,24.283333333333335,,47.73444444444439,11,47.63916666666667
2014-12-01,27.743333333333336,22.983333333333334,,40.78999999999996,12,26.722500000000004
2015-01-01,36.85333333333333,22.906666666666666,,39.251111111111065,1,32.54833333333333
2015-02-01,41.3,23.01,,35.29888888888883,2,24.34083333333332
2015-03-01,22.77333333333333,23.399999999999995,,33.642222222222166,3,21.021666666666665
2015-04-01,19.333333333333332,24.77,,27.802222222222166,4,20.810833333333335
2015-05-01,44.02333333333333,25.403333333333332,,28.709999999999948,5,26.668333333333344
2015-06-01,35.89333333333333,26.036666666666665,,33.08333333333328,6,21.297499999999996
2015-07-01,21.55,26.436666666666667,,33.82222222222217,7,22.322500000000005
2015-08-01,56.46,26.843333333333334,,37.96777777777773,8,25.68
2015-09-01,43.663333333333334,26.5,,40.55777777777772,9,25.014166666666675
2015-10-01,44.69333333333333,26.19,,48.272222222222176,10,33.19833333333335
2015-11-01,36.79333333333333,24.46666666666667,,41.71666666666661,11,26.770833333333336
2015-12-01,21.676666666666666,24.003333333333334,,34.38777777777772,12,21.9975
2016-01-01,17.880000000000003,23.070000000000004,,25.449999999999946,1,18.33833333333333
2016-02-01,20.09333333333333,23.25333333333333,,19.88333333333328,2,8.61
2016-03-01,31.093333333333334,24.063333333333333,,23.02222222222217,3,16.833333333333332
2016-04-01,85.05333333333334,24.593333333333334,,45.41333333333328,4,42.86916666666666
2016-05-01,78.55,25.143333333333334,,64.89888888888883,5,46.60916666666667
2016-06-01,50.47,25.683333333333334,,71.35777777777773,6,43.74
2016-07-01,34.61666666666667,26.296666666666667,,54.5455555555555,7,28.060000000000006
2016-08-01,63.74,26.14,,49.608888888888835,8,38.695
2016-09-01,34.25,26.23,,44.20222222222217,9,26.799166666666675
2016-10-01,104.35333333333334,25.573333333333334,,67.44777777777773,10,52.94833333333332
2016-11-01,94.73,24.243333333333336,,77.77777777777773,11,88.37500000000001
2016-12-01,22.930000000000003,23.833333333333332,,74.0044444444444,12,43.48
2017-01-01,26.36,22.19333333333333,,48.00666666666661,1,50.23083333333333
2017-02-01,18.873333333333335,23.156666666666666,,22.72111111111106,2,14.682500000000003
2017-03-01,57.42666666666667,23.353333333333335,,34.21999999999995,3,29.92333333333332
2017-04-01,94.33666666666666,24.099999999999998,,56.87888888888883,4,58.564166666666644
2017-05-01,66.30333333333333,25.05666666666667,,72.68888888888883,5,50.80166666666668
2017-06-01,36.629999999999995,25.893333333333334,,65.7566666666666,6,38.99333333333332
2017-07-01,47.580000000000005,26.25666666666667,,50.17111111111106,7,36.40833333333334
2017-08-01,51.56999999999999,26.636666666666667,,45.25999999999994,8,34.55499999999999
2017-09-01,96.05,26.28333333333333,,65.06666666666662,9,42.49166666666668
2017-10-01,60.59666666666667,25.486666666666668,,69.4055555555555,10,39.01583333333334
2017-11-01,94.43333333333334,24.486666666666668,,83.69333333333329,11,111.74166666666667
2017-12-01,19.433333333333334,23.683333333333334,,58.1544444444444,12,42.11666666666667
2018-01-01,43.919999999999995,23.173333333333332,,52.59555555555551,1,43.47333333333335
2018-02-01,26.393333333333334,22.383333333333336,,29.915555555555503,2,41.38833333333335
2018-03-01,24.786666666666665,23.25333333333333,,31.69999999999995,3,19.92000000000001
2018-04-01,37.67666666666666,24.39,,29.618888888888836,4,20.138333333333314
2018-05-01,40.44,24.756666666666664,,34.30111111111106,5,19.07333333333332
2018-06-01,33.42333333333333,25.846666666666664,,37.17999999999995,6,21.58
2018-07-01,30.28,26.36,,34.71444444444439,7,23.204166666666662
2018-08-01,45.31,26.223333333333333,,36.33777777777773,8,24.73416666666667
2018-09-01,49.54333333333333,25.89,,41.71111111111106,9,31.891666666666666
2018-10-01,74.26333333333334,24.963333333333335,,56.37222222222218,10,44.07333333333335
2018-11-01,32.593333333333334,24.69666666666667,,52.13333333333329,11,30.97000000000001
2018-12-01,15.690000000000003,23.679999999999996,,40.848888888888844,12,24.222499999999997
2019-01-01,16.19333333333333,22.86,,21.49222222222217,1,11.890833333333335
2019-02-01,15.643333333333333,23.406666666666666,,15.842222222222174,2,8.674166666666668
2019-03-01,47.13333333333333,23.646666666666665,,26.323333333333284,3,31.794166666666662
2019-04-01,28.38,24.55666666666667,,30.38555555555551,4,20.234166666666656
2019-05-01,66.71666666666667,25.356666666666666,,47.40999999999995,5,43.36416666666667
2019-06-01,36.20666666666666,26.14,,43.76777777777773,6,26.742500000000003
2019-07-01,40.22333333333333,26.396666666666665,,47.71555555555551,7,31.03416666666667
2019-08-01,37.38,26.71666666666667,,37.93666666666662,8,23.242499999999996
2019-09-01,91.33,26.23,,56.31111111111105,9,38.74333333333335
2019-10-01,39.47666666666667,25.516666666666666,,56.062222222222175,10,33.01083333333334
2019-11-01,21.980000000000004,24.69666666666667,,50.92888888888884,11,30.790833333333335
2019-12-01,27.833333333333332,24.043333333333333,,29.763333333333282,12,21.74916666666666
2020-01-01,22.62333333333333,23.293333333333333,,24.145555555555504,1,15.18833333333333
2020-02-01,24.893333333333334,23.633333333333336,,25.116666666666614,2,17.829166666666666
2020-03-01,52.19333333333333,23.126666666666665,,33.236666666666615,3,33.4125
2020-04-01,19.816666666666666,25.506666666666664,,32.301111111111055,4,22.250000000000004
2020-05-01,44.699999999999996,26.016666666666666,,38.90333333333328,5,28.715
2020-06-01,27.586666666666662,26.603333333333335,,30.701111111111057,6,23.1175
2020-07-01,59.57333333333333,26.650000000000002,,43.95333333333328,7,27.89
2020-08-01,72.34666666666666,26.77,,53.16888888888883,8,34.975
2020-09-01,49.81666666666666,26.189999999999998,,60.578888888888834,9,34.63166666666667
2020-10-01,45.56,25.88333333333333,,55.90777777777773,10,35.231666666666676
2020-11-01,85.92999999999999,24.233333333333334,,60.4355555555555,11,61.06999999999997
2020-12-01,23.816666666666663,23.166666666666668,,51.76888888888883,12,37.18333333333333
2021-01-01,16.816666666666666,22.94666666666667,,42.18777777777772,1,25.216666666666665
2021-02-01,20.05,23.386666666666667,,20.227777777777725,2,8.227500000000001
2021-03-01,42.80333333333334,23.30333333333333,,26.556666666666615,3,26.560000000000006
2021-04-01,43.52,24.046666666666667,,35.45777777777773,4,23.070833333333336
2021-05-01,40.10333333333333,25.150000000000002,,42.142222222222166,5,22.627499999999994
2021-06-01,51.89666666666667,25.373333333333335,,45.17333333333328,6,37.13833333333333
2021-07-01,50.660000000000004,25.886666666666667,,47.553333333333285,7,38.41333333333333
2021-08-01,68.65999999999998,26.173333333333336,,57.072222222222166,8,41.65083333333334
2021-09-01,41.699999999999996,26.21666666666667,,53.67333333333327,9,33.84333333333335
2021-10-01,60.49333333333334,25.373333333333335,,56.951111111111054,10,37.63500000000001
2021-11-01,21.903333333333332,24.679999999999996,,41.365555555555495,11,26.796666666666667
2021-12-01,21.753333333333334,23.683333333333334,,34.71666666666661,12,21.78416666666666
2022-01-01,19.39,22.933333333333334,,21.015555555555498,1,10.488333333333335
2022-02-01,31.996666666666666,22.866666666666664,,24.379999999999942,2,21.399166666666666
2022-03-01,35.46666666666667,23.69666666666667,,28.951111111111057,3,20.951666666666657
2022-04-01,71.75333333333333,23.799999999999997,,46.4055555555555,4,45.22749999999999
2022-05-01,50.77333333333333,25.209999999999997,,52.66444444444439,5,44.25666666666667
2022-06-01,30.94666666666667,26.03666666666666,,51.15777777777772,6,31.067500000000006
2022-07-01,43.85999999999999,25.833333333333332,,41.85999999999994,7,26.39166666666667
2022-08-01,39.84666666666667,26.296666666666667,,38.21777777777772,8,23.092499999999994
2022-09-01,72.22666666666667,26.096666666666664,,51.977777777777725,9,32.415000000000006
2022-10-01,50.21,25.53,,54.0944444444444,10,35.72166666666668
2022-11-01,42.2,24.743333333333336,,54.87888888888884,11,33.98000000000001
2022-12-01,14.979999999999999,22.97,,35.79666666666661,12,20.82583333333332
2023-01-01,24.21666666666667,22.570000000000004,,27.13222222222217,1,25.315000000000005
2023-02-01,13.626666666666667,22.96666666666667,,17.60777777777772,2,9.803333333333335
2023-03-01,23.423333333333336,23.71666666666667,,20.422222222222167,3,8.619166666666667
2023-04-01,40.93666666666667,24.580000000000002,,25.9955555555555,4,20.44166666666666
2023-05-01,70.96999999999998,25.963333333333335,,45.109999999999935,5,34.1225
2023-06-01,37.0,27.083333333333332,,49.63555555555549,6,34.049166666666665
2023-07-01,32.690000000000005,27.326666666666668,,46.8866666666666,7,27.863333333333333
2023-08-01,109.83666666666666,27.143333333333334,,59.84222222222217,8,99.91500000000002
2023-09-01,40.34666666666667,27.113333333333333,,60.95777777777772,9,34.09583333333334
2023-10-01,53.86666666666667,26.646666666666665,,68.01666666666661,10,29.26083333333333
2023-11-01,41.843333333333334,25.456666666666667,,45.35222222222217,11,29.209166666666675
2023-12-01,37.98666666666667,23.936666666666667,,44.565555555555505,12,25.575000000000003
